user_id,소속학과,학번,관심취미,좋아요한 학술 행사,좋아요한 공연 행사,관심있는 학술 행사,관심있는 공연 행사,학술 행사의 선호도,공연 행사의 선호도,description,koElectraEmbedding,koBertEmbedding
3,컴퓨터공학부,18,스포츠 음악 독서,"삼성 파운드리의 현재와 미래, 의료데이터 활용을 위한 연구검색 솔루션, 마지막","SNU 필하모닉 오케스트라 정기연주회 : 라흐마니노프의, 혼성 댄스 동아리 혼또니 정기공연, ECU (Evangelical Christian Uni","삼성 파운드리의 현재와 미래, 의료데이터 활용을 위한 연구검색 솔루션, 마지막","SNU 필하모닉 오케스트라 정기연주회 : 라흐마니노프의, 혼성 댄스 동아리 혼또니 정기공연, ECU (Evangelical Christian Uni",6,6,"user_id: 3, 소속학과: 컴퓨터공학부, 학번: 18, 관심취미: 스포츠 음악 독서, 좋아요한 학술 행사: 삼성 파운드리의 현재와 미래, 의료데이터 활용을 위한 연구검색 솔루션, 마지막, 좋아요한 공연 행사: SNU 필하모닉 오케스트라 정기연주회 : 라흐마니노프의, 혼성 댄스 동아리 혼또니 정기공연, ECU (Evangelical Christian Uni, 관심있는 학술 행사: 삼성 파운드리의 현재와 미래, 의료데이터 활용을 위한 연구검색 솔루션, 마지막, 관심있는 공연 행사: SNU 필하모닉 오케스트라 정기연주회 : 라흐마니노프의, 혼성 댄스 동아리 혼또니 정기공연, ECU (Evangelical Christian Uni, 학술 행사의 선호도: 6, 공연 행사의 선호도: 6,","[[ 1.04165144e-01 -2.43675113e-01 -3.64163607e-01 -2.14827098e-02
  -5.37060320e-01 -8.52137208e-02 -6.27458036e-01  9.10120383e-02
  -2.55695870e-03 -2.05028191e-01 -3.93319368e-01  4.46491614e-02
   1.98385835e-01 -2.01440305e-01  2.44808137e-01 -1.02132626e-01
  -2.09937036e-01 -1.24649964e-01  1.99071646e-01  1.31058216e-01
   4.75045741e-02 -2.49006018e-01  7.58469760e-01 -1.47009626e-01
  -1.77536681e-01  2.92044669e-01 -1.02123097e-02 -2.99064487e-01
   2.19613351e-02 -6.24070644e-01 -7.63261169e-02  1.08155459e-01
   2.27756187e-01  3.02697539e-01  1.00366827e-02 -4.19221222e-01
   2.14730687e-02  1.37234762e-01 -5.07138073e-01 -4.87227403e-02
  -1.50993526e-01 -7.95251131e-01 -1.78280413e-01  6.83019519e-01
   1.64619133e-01 -1.91990450e-01  3.45844418e-01  3.85573119e-01
   3.30810249e-01  2.02581748e-01 -1.09427953e+00 -9.86867175e-02
   1.93194732e-01  1.00730024e-02  2.41449475e-01 -4.81878072e-02
   4.02388871e-01  1.70795768e-02  5.80538623e-02 -1.23995647e-01
   1.50547624e-01 -1.05090551e-01  5.79735935e-01  6.17212713e-01
  -1.33431643e-01 -7.56803080e-02 -5.15290983e-02 -2.96732455e-01
  -5.05142519e-03 -3.01461369e-01 -2.00880289e-01  3.30779003e-03
  -1.93904608e-01  5.35313606e-01 -3.89235467e-01 -4.26459819e-01
  -1.70289874e-01 -9.27488878e-03  2.51919389e-01 -1.69009477e-01
  -9.75710824e-02 -9.31008905e-02 -3.29461172e-02  2.87134349e-01
  -3.20685923e-01  1.29829735e-01  4.50458884e-01 -9.01433378e-02
  -4.47128534e-01 -3.45182896e-01 -2.08722875e-02  4.19027686e-01
   8.23696028e-04 -3.98394354e-02 -2.64816046e-01  1.18999258e-01
   4.41218801e-02 -6.74726814e-02 -3.85006145e-02 -3.09351593e-01
   2.36585304e-01  2.89534125e-02 -1.99144334e-01  2.93340962e-02
  -3.23450863e-01 -4.02302258e-02 -1.54979572e-01  5.45271970e-02
  -4.18430477e-01 -4.86217082e-01 -9.75305866e-03  1.04422994e-01
  -4.16533351e-01  2.11599216e-01 -2.07560271e-01 -8.91711414e-02
  -2.51927853e-01  2.36501783e-01  1.70437708e-01  3.67555678e-01
  -1.74982026e-01  2.42985524e-02 -2.92487651e-01 -5.09555817e-01
  -1.11056395e-01 -1.96961507e-01  3.16441000e-01 -1.30443454e-01
  -1.16005994e-01 -1.10136308e-01 -3.27023864e-01  7.21469000e-02
   4.39667925e-02 -2.72671342e-01  2.54978538e-01  1.78494319e-01
   2.83539351e-02 -1.34071141e-01 -2.67286181e-01 -2.29317769e-01
  -5.15453041e-01 -1.08131163e-01  2.84606349e-02  3.57446522e-01
   2.87485570e-01 -4.45409477e-01  1.53630778e-01 -5.12969494e-01
  -4.89316404e-01  5.47358170e-02 -1.94390297e-01 -2.52644103e-02
  -3.24752003e-01  1.25836313e-01 -6.83391392e-02 -3.07037979e-01
   1.72983855e-01 -4.67230052e-01  2.16604710e-01 -2.10949838e-01
   2.41269972e-02  3.66414368e-01 -3.79230440e-01 -7.23897591e-02
   2.94684201e-01 -1.29904494e-01 -3.18483710e-01  2.36627430e-01
  -1.54631168e-01 -1.00808516e-01 -1.67926699e-02 -2.47284055e-01
  -5.73453754e-02 -2.21928522e-01 -1.45982370e-01 -1.95400231e-02
   1.85449079e-01 -8.47595930e-02 -3.37502390e-01  2.49844715e-01
  -3.76861721e-01  1.56343669e-01  8.04390728e-01  8.35985839e-02
   1.38014629e-01  1.02922194e-01  3.00071865e-01  2.36950129e-01
  -1.46560475e-01 -2.32859671e-01 -2.41759926e-01 -1.14552319e-01
  -3.12572569e-01 -2.31750727e-01 -5.35908751e-02  3.44619870e-01
   1.16049699e-01  2.66981095e-01 -1.52685925e-01 -4.41835493e-01
   3.17657053e-01 -1.31187096e-01  7.55108222e-02 -5.75207435e-02
  -4.50037301e-01  1.67428061e-01 -5.85129678e-01 -3.18981469e-01
   1.37054641e-02  1.46884352e-01 -7.37650812e-01  2.27746367e-01
  -1.28093697e-02 -2.81387329e-01  1.98285326e-01  2.02127248e-01
  -4.41398531e-01  6.94843978e-02 -3.16249222e-01  2.98330337e-01
  -1.20535508e-01  2.65028834e-01  3.29640269e-01 -4.22640473e-01
  -1.67910844e-01 -2.98267275e-01 -1.65362000e-01 -3.36135238e-01
  -2.35778689e-01  3.35825384e-01  9.23987478e-03  1.80201578e+00
  -2.13967711e-01 -1.31632000e-01  1.28800943e-01  3.84481162e-01
  -5.24312072e-02 -5.52562058e-01  6.45689145e-02 -6.18603289e-01
  -2.05288112e-01  1.17961377e-01  3.76672417e-01  1.51736826e-01
  -2.44659364e-01 -4.80522603e-01  4.38296437e-01 -6.34503365e-01
   5.93150079e-01 -3.66166234e-01 -2.53466815e-01  3.70453894e-01
  -3.23324084e-01 -3.14820796e-01  2.60539860e-01 -1.46645397e-01
   8.30238387e-02 -2.81958997e-01  2.16438457e-01  1.81631714e-01
  -4.10836786e-02 -1.39467701e-01 -3.82125787e-02 -1.18036732e-01
  -2.01940417e-01 -1.64915442e-01 -2.25776457e-03 -9.19581298e-03
  -1.66728750e-01  5.96796274e-01  5.95986903e-01  1.10560484e-01
  -3.98889214e-01  3.10617566e-01 -2.70998448e-01  4.07910228e-01
   4.12848681e-01  4.16267931e-01 -4.46767747e-01  4.05478776e-02
  -2.74056286e-01 -8.97284031e-01 -1.07717574e-01  5.69145288e-03
  -4.15174514e-01  3.58276486e-01 -1.21033408e-01  4.67016816e-01
  -9.04723722e-03 -4.70574349e-01  5.42202413e-01 -5.15744202e-02
  -2.54888862e-01 -9.57934633e-02  3.21465381e-03  2.07082123e-01
   8.70917737e-02 -4.72133905e-01 -6.80842936e-01 -3.11891347e-01
  -2.34090716e-01  3.34730931e-02 -4.86364841e-01 -4.46601182e-01
  -3.95651549e-01  8.55405331e-01  1.24527164e-01 -3.84409457e-01
   3.07801757e-02  4.86892015e-01 -8.74720290e-02 -2.03728348e-01
  -3.34733203e-02 -3.41193080e-01 -5.23565300e-02  3.92636061e-02
   5.23624383e-03  2.05706824e-02  4.15947810e-02 -1.56543836e-01
   6.37925863e-02 -6.10171482e-02  4.17660147e-01 -1.64792031e-01
  -4.24584568e-01 -3.76486331e-01  8.94402806e-03 -2.83227414e-01
  -2.04288751e-01 -2.15959013e-01 -1.68010239e-02 -4.32712317e-01
  -3.03044505e-02 -4.15607750e-01 -3.68410051e-01 -2.98803626e-03
   4.15778020e-03  6.40265942e-01 -3.95614594e-01 -5.75979380e-03
  -3.98640893e-03  6.61467537e-02  1.46983534e-01 -4.87317033e-02
  -1.41859412e-01  1.92623928e-01 -4.22615260e-01 -2.99414210e-02
  -4.43981022e-01  3.05077165e-01 -2.55110770e-01 -3.71214718e-01
  -3.23561169e-02 -1.20423682e-01 -1.18961945e-01 -3.39566022e-01
  -1.95391566e-01  8.09683353e-02  2.04533622e-01  8.21133405e-02
  -4.33775067e-01 -2.93889612e-01 -3.86597365e-01  1.01228070e-03
   3.56222838e-02 -1.47766724e-01  4.38798079e-03 -6.11872256e-01
  -3.84569883e-01  4.96080667e-02  8.76990557e-02 -1.73786372e-01
   2.04704985e-01  3.33208323e-01 -1.16996188e-03  8.39545876e-02
  -5.85407138e-01 -4.61780071e-01 -2.32308581e-01 -4.55238819e-01
   4.92003977e-01 -6.32936833e-04 -2.69177020e-01  2.10861355e-01
   1.95209667e-01 -1.26534328e-01  3.97567719e-01  2.01665401e-01
   3.01827490e-02 -3.38312127e-02  1.61458507e-01 -8.98784585e-03
  -2.73220837e-01  3.44072193e-01 -6.39178455e-01  4.09733742e-01
   3.51450741e-01 -1.80061802e-01  6.38640523e-02 -3.40249240e-01
  -9.04160067e-02 -1.60146981e-01  3.97513658e-01 -3.34195383e-02
   5.45837022e-02  7.74480253e-02  3.24941307e-01  8.22837185e-03
  -5.46939790e-01  3.25068273e-02 -1.25137210e-01  1.78986028e-01
  -8.94198939e-02  2.44678482e-01 -4.25606310e-01  1.42167434e-01
   1.55880764e-01 -2.53455997e-01 -1.84288785e-01 -5.99631853e-03
  -5.30194521e-01  2.41794642e-02 -6.21221185e-01 -2.09258378e-01
  -6.01770222e-01  1.96973011e-01 -5.08198917e-01 -8.25288668e-02
  -2.65871823e-01 -2.56517176e-02 -4.66558695e-01 -3.03398103e-01
  -4.44620430e-01 -4.36441183e-01 -2.16501743e-01  2.48209208e-01
  -3.38532954e-01  3.15377682e-01  2.32925311e-01 -8.44451860e-02
   3.54022384e-01  3.10207516e-01  4.92998898e-01 -1.03998430e-01
   3.76042455e-01  1.60630375e-01 -7.05803633e-02 -1.17618985e-01
  -5.81095159e-01 -2.14504853e-01  1.41331926e-01 -1.22136690e-01
   1.35592207e-01 -9.65979099e-01  3.59571397e-01 -3.03411424e-01
  -2.29185790e-01  1.63902505e-03 -2.12293699e-01 -6.27448857e-01
  -4.38728899e-01  2.59126246e-01 -3.96577388e-01  2.36184806e-01
   1.97340772e-01 -2.51787364e-01  2.35647932e-01  4.65230271e-02
  -7.85858035e-02 -8.24095309e-02 -1.45881772e-01  6.81378961e-01
   8.14688131e-02 -4.45289850e-01  1.07849948e-01 -2.48601496e-01
   4.70562391e-02  1.33919129e-02 -2.98492730e-01 -2.91400980e-02
  -2.46887639e-01  2.04565734e-01  1.11188732e-01  2.20364965e-02
   2.05342978e-01 -2.71875173e-01  2.68448666e-02  2.29092628e-01
   3.18219632e-01  3.05957258e-01 -6.91066608e-02  1.04460977e-01
   1.45400539e-01 -2.00662315e-02 -2.64025241e-01 -9.50649381e-01
   3.18387598e-02  1.40865639e-01 -3.27980936e-01  5.30047230e-02
  -3.17635477e-01  1.49580743e-02 -4.01280612e-01  1.66968912e-01
   2.01297417e-01 -5.32010555e-01 -1.94621965e-01 -2.13079214e-01
   1.64768994e-01 -3.88109714e-01 -4.89413023e-01  2.09041044e-01
  -1.39392644e-01  2.13764414e-01 -1.15432896e-01 -4.49020267e-01
  -3.14330161e-01 -1.73911721e-01 -1.78849027e-01 -7.00507611e-02
  -3.09038945e-02  4.76414077e-02 -2.79251933e-01  3.45897377e-01
   2.45481908e-01  2.09225699e-01 -1.14778854e-01 -2.40525737e-01
  -7.86043927e-02  7.19382465e-02 -3.29855055e-01 -1.75377011e-01
   3.38630319e-01  2.76280522e-01  5.92345953e-01 -3.41584861e-01
  -1.69301614e-01 -3.73948783e-01  1.89477995e-01 -2.14586437e-01
  -1.20849639e-01  5.89507818e-02  6.68592453e-02 -2.65663892e-01
   4.58979718e-02 -2.67159045e-01  1.54708652e-02 -2.37444386e-01
  -5.06831050e-01  2.36383691e-01  1.01918340e-01 -4.25704271e-02
  -9.62741487e-03 -1.09001279e-01 -2.73982257e-01  2.95236111e-01
   3.38022888e-01  3.11308742e-01  5.17217278e-01 -4.38512862e-01
  -2.71406174e-02 -3.49667668e-01 -2.20556378e-01 -1.14928976e-01
   2.68894494e-01  5.03062665e-01 -2.76285857e-01 -2.73490757e-01
  -9.98451412e-02 -6.07092865e-02 -2.28392616e-01  1.24391139e+00
   1.94971889e-01  4.28879261e-01  2.46486709e-01 -3.65942240e-01
  -1.95401877e-01  3.81155938e-01  1.80640355e-01 -6.53104722e-01
   2.08979309e-01  4.85047787e-01  1.36659890e-01  3.47809523e-01
  -2.19944820e-01 -3.13272417e-01  1.81285799e-01  1.97067663e-01
  -7.64156729e-02  2.64695376e-01 -1.05146267e-01  5.08950464e-03
   2.00273633e-01  1.00900598e-01 -5.73328197e-01  6.19667351e-01
  -3.02368224e-01 -3.27525772e-02  2.82178223e-01  3.63898665e-01
  -5.12033142e-02  1.60196781e-01  3.72685403e-01 -4.28760909e-02
  -6.29246950e-01 -5.14346719e-01  3.72128457e-01  9.87178385e-02
   2.23748401e-01 -2.26911172e-01 -1.30477995e-01  5.04726171e-02
   5.64158894e-02  2.49741793e+00 -3.11792076e-01  2.36190408e-01
   1.77146152e-01  2.07508147e-01 -1.77069843e-01  3.61407697e-02
   3.98615412e-02 -4.14970487e-01  9.72557142e-02  3.78576592e-02
   2.08997250e-01 -2.39765003e-01 -1.03052557e-01  1.75033167e-01
  -2.17755184e-01  8.27526003e-02 -1.37574807e-01 -2.85788476e-01
   3.31361704e-02  8.33277404e-01 -6.89021349e-02 -3.11521012e-02
  -1.41541377e-01 -5.62670082e-02 -1.28474489e-01 -3.35464440e-02
   4.65511501e-01 -2.89426416e-01  3.28797191e-01  6.57129884e-01
   4.73039359e-01  1.94069240e-02 -9.88011509e-02  3.59026045e-01
  -3.38625103e-01 -7.87621066e-02 -2.07594112e-01 -2.45911703e-01
   4.87613939e-02 -6.12253286e-02  3.28413099e-01 -5.65282881e-01
  -6.44925684e-02  4.48036283e-01 -5.31879812e-02  4.93600637e-01
  -1.27329275e-01 -7.13372231e-02 -1.59263834e-01 -1.28350616e-01
  -2.88509458e-01  2.29618587e-02  6.29629940e-02  1.04346007e-01
  -6.96877064e-03 -1.51835546e-01 -7.49414802e-01 -6.34396493e-01
   2.55975336e-01 -3.19358379e-01  4.20414120e-01 -6.81325048e-02
   4.06183571e-01 -4.97178644e-01 -2.19121739e-01  1.98030457e-01
   3.18216741e-01 -4.85077761e-02 -2.70997912e-01 -2.08480984e-01
  -3.22168209e-02 -1.11247331e-01  2.84786910e-01 -2.14639485e-01
  -2.70072013e-01 -2.68900186e-01  5.05286157e-01  2.67991513e-01
  -5.19677848e-02 -5.18110454e-01 -4.19560820e-02  6.40684441e-02
   3.15914482e-01  2.65228957e-01 -2.80733015e-02 -2.19886795e-01
  -2.94192992e-02 -2.32712969e-01 -3.11683379e-02 -3.28855105e-02
  -5.85594654e-01  2.64114201e-01  1.97444633e-01  1.65868610e-01
   8.96569061e+00 -7.86501646e-01 -3.06145638e-01  1.18447589e-02
   3.11239123e-01 -3.04650161e-02 -9.15904194e-02 -3.96724224e-01
  -6.07967556e-01  8.91867951e-02  3.17470610e-01 -7.17773512e-02
  -3.62046622e-02 -2.47403868e-02 -1.89095750e-01  5.54348491e-02
   2.70279646e-01 -2.25277126e-01  2.25040331e-01  3.69725585e-01
  -1.26180016e-02 -2.33709831e-02  3.47830169e-03 -2.63071686e-01
   4.09828842e-01 -1.93663150e-01  3.53665531e-01 -8.55697468e-02
  -1.30772457e-01  2.41206288e-01  3.30429763e-01  5.01841903e-02
  -2.59848554e-02  6.85956001e-01  2.12782726e-01 -6.08441345e-02
  -3.72242063e-01 -2.07175761e-01  2.85315841e-01 -1.31133035e-01
  -3.81166220e-01  5.26871979e-01  1.34601995e-01 -1.45845741e-01
   9.36491042e-03 -3.70100379e-01 -5.64063415e-02  6.58603013e-01
   1.49956062e-01  2.55097032e-01 -4.91299212e-01  1.34817898e-01
  -1.88165498e+00 -1.29878461e-01  2.36012265e-02 -2.79625475e-01
   1.09316148e-01 -3.07898968e-01  5.30874491e-01  2.33300984e-01]]","[[ 3.47590178e-01  1.21666780e-02 -3.72035652e-01  9.67102572e-02
  -1.79008856e-01 -3.64715278e-01  1.27817303e-01 -1.71932608e-01
  -2.36401126e-01  1.37134790e-01 -7.88272619e-02 -3.07205450e-02
   1.71570703e-01 -4.52010743e-02  1.12547457e-01  9.99588445e-02
   2.53057212e-01 -1.26873881e-01 -4.15369362e-01 -4.48873118e-02
  -2.90824831e-01 -1.09091297e-01  6.60494938e-02  1.02766622e-02
   7.45520964e-02 -1.08015157e-01  3.32148015e-01 -1.44641876e-01
  -7.06333145e-02  3.67948040e-02 -1.60084501e-01  1.71015874e-01
   1.92129225e-01  1.42032787e-01 -7.81979486e-02 -1.57000408e-01
  -2.64543563e-01 -3.59728664e-01 -1.62734613e-01  4.91304547e-01
   1.44299611e-01 -6.93471655e-02 -1.40658766e-01  1.00257643e-01
  -3.14636938e-02 -9.00788829e-02  4.96157631e-02 -2.50531346e-01
   7.35235140e-02  4.13015902e-01 -6.47222921e-02 -8.43034610e-02
  -5.68600297e-02 -2.66745746e-01  1.86667651e-01  9.60149337e-03
   4.80180979e-02 -6.81719854e-02  2.62226492e-01  3.30342773e-05
  -3.91769297e-02 -4.51922230e-02  5.05093157e-01 -4.64285851e-01
   1.21230982e-01 -6.76771998e-01 -3.02843362e-01 -2.28127629e-01
   6.98766485e-02  1.83014750e-01  6.27179295e-02  9.12923440e-02
   1.30261928e-01  2.69712120e-01  8.09057653e-01 -5.35966396e-01
   1.46060660e-01  1.46514252e-01  1.67779639e-01  1.39799386e-01
  -2.89216079e-02  3.28956055e-03 -2.59753674e-01  2.03822479e-01
   1.41024560e-01 -4.17745918e-01  8.92731473e-02 -1.03947330e+00
   2.47999147e-01 -1.34739354e-01 -1.35781869e-01 -1.53576866e-01
   2.60457724e-01 -6.00609966e-02  4.99350615e-02 -1.00514807e-01
  -1.44742504e-01 -1.06130831e-01  3.56839508e-01  3.15378964e-01
   2.81328559e-01 -1.48285851e-01 -4.99988347e-01 -4.30958480e-01
   2.31030032e-01 -1.54756650e-01 -1.86096448e-02 -6.41750753e-01
   1.17603904e-02  1.53749064e-01 -1.82446450e-01 -2.00766474e-02
  -3.97968888e-02 -9.44132134e-02  2.65983015e-01 -3.43813092e-01
  -3.39046568e-01  2.47752160e-01  3.78198549e-02 -1.01763897e-01
  -4.06315178e-01 -4.17512516e-03 -5.67629077e-02  4.12184857e-02
   3.94505002e-02  2.09056929e-01  4.70281653e-02  1.96889684e-01
   2.68769681e-01  1.51667744e-01  1.84125956e-02  1.83292985e-01
  -2.69675225e-01 -1.04270451e-01  1.20844766e-01  3.66627514e-01
  -1.79504961e-01  3.45972627e-01 -3.06643039e-01  3.28269690e-01
   2.73622781e-01  1.02613389e-01 -4.89958853e-01 -1.90990061e-01
  -6.65600523e-02  2.16311887e-01 -1.17774412e-01 -1.12172790e-01
  -1.24942504e-01  4.86290127e-01 -3.62888604e-01  2.37982377e-01
  -4.39423360e-02 -5.99395558e-02 -2.21972600e-01  2.73365993e-02
  -2.26473302e-01  6.49106577e-02 -1.49582580e-01 -4.60983180e-02
  -2.85222381e-01  2.26915598e-01  1.48866415e-01  1.66972831e-03
   3.59485298e-01 -2.37838194e-01  7.12828264e-02  3.41993272e-01
   5.68115972e-02  9.77503881e-02  2.25565448e-01  1.07435703e-01
   1.87047347e-01  2.51380410e-02 -8.69960263e-02 -3.13488245e-01
   4.31211628e-02 -1.76097825e-01  1.35574147e-01 -3.21483195e-01
   2.78133750e-02  4.33426589e-01  5.58621958e-02  1.85455993e-01
   8.48432034e-02 -3.43109369e-01 -5.14052033e-01  3.14983204e-02
   2.03310758e-01  1.09290704e-01 -2.32910857e-01 -4.77001041e-01
   4.00640965e-02  4.09344509e-02 -9.90824699e-02  2.05977410e-02
   4.60210182e-02  3.59404564e-01  3.81710440e-01 -9.11623836e-02
  -9.88293886e-02  1.55467406e-01  2.29212537e-01  2.18422517e-01
  -1.58891529e-01  1.51303783e-01  1.11875094e-01 -2.94043064e-01
  -1.67081311e-01 -1.63045600e-01  1.84720039e-01  1.94072023e-01
  -4.83415164e-02  1.66817293e-01  7.97662362e-02  2.28798673e-01
   1.21615373e-01  1.93290904e-01  3.16200107e-01 -3.19359541e-01
   3.61416131e-01  1.27205700e-01  1.80782214e-01 -1.15885139e-01
   7.66639337e-02  1.31239370e-01 -1.20954439e-01 -1.47116467e-01
  -3.14698108e-02  1.70231193e-01  2.64468968e-01  7.01803863e-02
   5.41031882e-02  5.30881703e-01 -1.65389135e-01 -2.83145517e-01
   3.57714623e-01  1.70469299e-01  1.42421693e-01 -7.70065784e-02
   1.32630125e-01 -5.11430949e-03  4.21372876e-02 -7.96191692e-02
  -2.97816068e-01  1.44080326e-01  4.53098826e-02 -1.01312898e-01
  -5.76129556e-01 -9.50055718e-02 -4.20850098e-01  1.47121087e-01
  -7.55790100e-02 -1.73027739e-01  1.78379551e-01 -1.94245860e-01
  -1.62415028e-01 -2.20901012e-01 -1.93079393e-02 -1.11681595e-01
   3.71477865e-02  1.44249752e-01  2.31074169e-01  1.13378718e-01
  -1.85308456e-02  4.78956029e-02 -5.99518754e-02  1.39110640e-01
   1.27916738e-01 -1.25489146e-01 -8.82222801e-02 -2.19690040e-01
   7.12575093e-02  1.12679444e-01  1.29609302e-01 -2.19180107e-01
   1.16020963e-01 -4.36226539e-02  1.53012037e-01  2.03069858e-02
   8.89255345e-01  1.91274926e-01 -3.69530208e-02 -7.85851032e-02
  -1.48538137e-02 -2.75904000e-01 -1.89862236e-01 -4.84176815e-01
   2.50876695e-01  4.62545842e-01 -2.68847287e-01  7.66462740e-03
   3.04901570e-01  5.72155297e-01  1.79172441e-01 -8.98639187e-02
  -4.62230258e-02 -1.83995038e-01 -3.00548226e-01  2.17280656e-01
   9.31103826e-02  2.83560995e-02  5.83001897e-02  2.49703169e-01
  -3.54898512e-01  3.71657670e-01 -1.35844216e-01 -5.42321093e-02
  -6.45171106e-03  7.63894320e-02  8.18669330e-03  7.44021609e-02
  -3.29131186e-01 -4.44481373e-02  2.25466192e-02 -2.67575053e-03
  -1.55627891e-01 -3.86089608e-02 -2.63521433e-01  1.46589085e-01
   1.09020397e-01  2.65377223e-01  5.68469130e-02  4.42402631e-01
  -1.97976977e-01  1.47752076e-01 -7.21110255e-02  9.76918191e-02
   1.60032108e-01  2.81059146e-02  8.55081603e-02 -6.90905675e-02
   7.95854926e-02 -1.67958975e-01  1.76540613e-01 -1.07268944e-01
  -8.27253833e-02 -8.98826774e-03  2.60213852e-01  1.80338830e-01
  -4.40694660e-01  1.22530408e-01  1.02529526e-01 -6.08046986e-02
   1.08051457e-01  3.47400308e-02  1.11555554e-01  1.65473893e-01
  -1.55370206e-01 -1.45057946e-01  5.54332100e-02  2.96269096e-02
  -2.55889501e-02  3.62890989e-01  5.40256239e-02 -1.99438676e-01
  -4.69083935e-01  3.41271371e-01  8.88537169e-02  2.67105661e-02
  -2.56412238e-01 -8.91901106e-02 -3.40127617e-01  7.22759962e-02
  -4.43695098e-01  2.47850895e-01  1.96162865e-01 -2.14464515e-01
   3.07096720e-01  5.91686442e-02 -7.81248808e-02  1.97327867e-01
   5.74211217e-02  4.36387867e-01  4.04326826e-01 -1.40697941e-01
   2.53705919e-01 -1.09938584e-01 -7.50930980e-02 -1.88385937e-02
  -4.20627117e-01 -2.14895934e-01  1.60066798e-01 -1.20590441e-01
   5.58964275e-02  1.11864440e-01 -1.82655588e-01  5.47162220e-02
   1.24096937e-01  4.23947394e-01  4.18398827e-01  1.17431946e-01
   1.18304817e-02  1.63108096e-01 -2.11691543e-01 -1.12479277e-01
  -3.43177855e-01 -8.48808810e-02 -8.34806915e-03 -4.50804532e-01
  -1.38432637e-01 -8.96622464e-02 -1.85857654e-01  1.27270877e-01
  -2.52004832e-01  5.49614010e-03 -3.16181593e-02  1.18139081e-01
   1.01123951e-01 -3.02339256e-01  9.19094756e-02  1.52100682e-01
  -1.57740518e-01 -1.85850590e-01 -7.24474117e-02 -3.29595715e-01
   5.87562859e-01 -1.13101617e-01  1.53300658e-01  1.54225230e-01
  -3.62716883e-01 -2.27683708e-01  1.56369194e-01 -5.31281185e+00
   1.92487344e-01 -2.09296346e-01 -8.46821293e-02 -2.09768847e-01
   1.11472905e-01 -3.52788121e-01  3.29021633e-01  2.30290622e-01
   8.16175565e-02  1.13611855e-01  2.48635203e-01  2.68500268e-01
   2.32615337e-01  8.50741789e-02  4.82115358e-01  4.19803888e-01
  -3.07767332e-01  5.18365741e-01  4.43089724e-01 -7.75051564e-02
   1.24125548e-01  8.59012678e-02 -1.06048502e-01 -1.38824180e-01
  -1.34359419e-01  9.63551849e-02  1.01700172e-01  7.66108260e-02
  -2.03228459e-01 -1.24878868e-01  1.72624275e-01 -3.04932863e-01
  -3.30775350e-01 -5.00775464e-02  1.44577622e-01  1.59076780e-01
  -3.80364470e-02  1.90993503e-01  3.24607879e-01 -1.33142322e-01
   6.10512821e-03  1.93298906e-01 -1.01792537e-01  1.75933406e-01
  -1.87656909e-01 -3.06753106e-02  1.32726282e-01  3.97329092e-01
  -1.55968204e-01 -1.63636640e-01  2.09659953e-02 -1.38836488e-01
   2.32251287e-01 -9.14825276e-02  3.68081987e-01  2.24489123e-01
  -5.98657057e-02  1.57097816e-01 -7.30242580e-02 -1.42980501e-01
  -2.41079673e-01  5.87916300e-02 -3.22594158e-02 -2.47776750e-02
  -9.14948732e-02  1.07232332e-01  1.81191832e-01  2.54831076e-01
  -1.46222010e-01 -2.05721408e-01 -9.49502736e-02  1.91998646e-01
  -3.30217928e-02  2.83638746e-01  8.50808397e-02 -1.77510872e-01
   8.45991597e-02  3.67355272e-02 -4.42592241e-02  4.43160623e-01
   1.57366470e-01 -1.16512194e-01 -1.45582899e-01  3.63855511e-01
  -2.75669634e-01  1.67041779e-01  4.81675826e-02  3.68503146e-02
   1.23259552e-01 -1.62091423e-02  3.34824137e-02 -2.22663917e-02
  -4.80494909e-02  1.04514971e-01  3.90195958e-02  1.86577663e-01
  -6.79375648e-01  1.23647019e-01  5.00653625e-01  1.62903205e-01
  -2.68433660e-01  2.50680953e-01 -1.07369289e-01 -4.89980847e-01
  -1.99772209e-01  1.06873952e-01 -1.32118747e-01 -2.15775803e-01
   1.78492308e-01  1.28029183e-01 -4.47501764e-02  3.75988215e-01
   1.03123315e-01 -1.61614642e-01  9.86166298e-03  1.70949489e-01
   2.89072722e-01 -1.17793247e-01  1.09644227e-01  1.45811541e-02
   4.14195657e-02 -8.68981555e-02 -9.64483470e-02  2.04679921e-01
   3.61451544e-02  1.53674692e-01 -1.89133883e-02 -1.70593187e-01
   1.11509718e-01  8.47541690e-02 -2.77814157e-02 -1.66669473e-01
   3.61394554e-01 -2.86013335e-01 -1.54201370e-02 -4.55536932e-01
  -2.42308691e-01 -7.11153373e-02  2.40661636e-01 -1.98738780e-02
   3.66843998e-01  1.52530251e-02  1.27301976e-01 -3.81883793e-02
   2.57926136e-01  1.82399407e-01 -1.39875282e-02  1.36323720e-01
  -1.21485367e-01 -1.59246564e-01 -5.35409860e-02  1.59446105e-01
  -2.67052948e-01  2.18132094e-01 -8.38629007e-02 -3.88390720e-02
  -1.55306235e-01 -4.85210717e-02  2.58047640e-01 -2.58031994e-01
   3.73953395e-02 -2.29889646e-01 -4.49144512e-01  1.12418778e-01
   6.34880438e-02  2.77401388e-01  3.24392319e-01 -2.29074553e-01
  -3.06882679e-01  1.61887690e-01  2.40832210e-01 -1.77640662e-01
  -3.63258012e-02  2.31242612e-01  2.08824322e-01  1.40019329e-02
   3.50524694e-01  1.53791666e-01  4.96742576e-01 -1.96682382e-02
   3.69338058e-02  2.16301531e-03 -1.68764129e-01  8.86095166e-02
   1.98823765e-01  4.13218409e-01 -1.58667937e-01 -5.26368022e-01
   5.09245813e-01  2.14393258e-01 -1.29481286e-01  6.00574076e-01
   1.68991059e-01  9.51230377e-02  2.01829430e-02 -1.69781774e-01
   2.72843897e-01 -1.34802982e-01 -5.44454977e-02  5.44342585e-02
   7.90673867e-02  1.82238683e-01  1.01269364e-01  1.75683975e-01
  -1.41322836e-01  5.12605272e-02 -5.82087934e-01  2.54623055e-01
  -1.13059096e-01 -2.34666675e-01 -3.08665365e-01 -1.97382957e-01
   3.49299103e-01 -2.27333412e-01  1.10632949e-01 -2.91588213e-02
  -3.62307616e-02 -1.63271159e-01 -2.28932828e-01 -2.66856283e-01
   1.32075474e-01 -5.19083261e-01 -3.37170064e-01  1.12603605e-02
   1.02204815e-01 -3.05713177e-01  3.93072739e-02  4.54367772e-02
  -3.95668596e-01  4.54616547e-02 -1.56201124e-01 -1.78612724e-01
  -1.54465243e-01 -8.88657793e-02 -1.59999520e-01  2.30613366e-01
  -3.79067421e-01 -1.69668347e-02  7.73590133e-02 -1.56767845e-01
  -1.57948479e-01  2.34807149e-01  4.48678941e-01 -1.35974854e-01
  -1.76976755e-01  1.43478483e-01  9.15320590e-02 -7.45575351e-04
   4.08728749e-01 -2.73718089e-01 -6.70547783e-02 -4.52274121e-02
  -3.38262051e-01  2.42628813e-01 -4.50405292e-02  2.16730550e-01
   5.38383722e-02  4.89390194e-02 -4.49073076e-01  7.32333064e-01
   3.77173796e-02  8.51414725e-02 -1.70417860e-01 -1.09946184e-01
  -1.10767610e-01 -4.37607378e-01 -1.04718700e-01  4.36004549e-01
  -2.94859022e-01 -6.52394444e-02 -1.93993941e-01  2.50652522e-01
   4.94444557e-02  7.80173810e-03 -1.77414075e-01  3.74670140e-02
   1.33570746e-01  5.99168837e-02 -4.74515073e-02  2.69194730e-02
  -1.01101778e-01  1.80402696e-02 -2.02369809e-01 -2.90198289e-02
   1.51414707e-01 -1.15082003e-01  6.27145916e-02  2.57930726e-01
  -1.58552647e-01  3.10021192e-01 -1.17762789e-01 -8.21057037e-02
   3.16597462e-01  1.48599997e-01 -2.24254206e-01  1.04818828e-01
  -1.00316936e-02 -3.86709183e-01 -3.19075994e-02  1.75774153e-02
  -6.18931558e-03 -4.35317993e-01  3.20375301e-02  1.03355892e-01
  -3.59857939e-02 -4.16443288e-01 -1.17131928e-02  1.19817078e-01
  -4.13064003e-01  6.59635291e-02 -7.36272782e-02  4.88516599e-01
  -1.16809323e-01 -3.67739886e-01  2.59943306e-01 -3.73311415e-02
   1.23451293e-01 -5.89135028e-02  1.09643519e-01 -6.50988743e-02
   6.60784692e-02 -1.05274379e-01 -4.07727033e-01 -2.36371502e-01
  -6.84886500e-02 -9.26710889e-02  3.42246257e-02  1.77307501e-02
   3.68602455e-01 -7.02758878e-02  1.18547738e-01  2.55768113e-02
  -1.28853366e-01 -1.59533530e-01 -6.91480935e-03  4.64422047e-01
   1.11290619e-01 -1.65330499e-01  2.74922490e-01 -1.00359492e-01
   1.36468843e-01 -1.52469426e-01  8.29726979e-02 -1.64283678e-01]]"
